id,name,age,gender,number,supply_center,mobile_number,type
1,Kong Yibo,47,Female,11311024,America,15038403217,Director
2,Steven Edwards,38,Male,12211522,America,15673757797,Supply Staff
3,Jiang Shengxiang,40,Male,12012116,America,15639234045,Supply Staff
4,Yang Penglong,48,Male,11210418,America,18690429590,Supply Staff
5,Al Evans,41,Male,11910017,America,15639548357,Supply Staff
6,Xu Shiyun,49,Female,11110325,America,13990824090,Supply Staff
7,Gene Jackson,41,Male,11911118,America,18658431890,Supply Staff
8,Tao Yibo,38,Female,12210416,America,13866742389,Supply Staff
9,Chen Yueqi,45,Male,11512800,America,15696096714,Supply Staff
10,Xu Zhuyu,44,Male,11610802,America,18903294883,Supply Staff
11,You Taian,47,Male,11310827,America,18936275779,Supply Staff
12,Hua Yizhen,48,Female,11210921,America,18687747201,Supply Staff
13,Sylvia Smith,38,Female,12210311,America,13808932915,Supply Staff
14,Jing Xiaotian,44,Female,11611905,America,18993374707,Supply Staff
15,Anita Hall,42,Female,11810107,America,15682226940,Supply Staff
16,Zou Linshan,39,Male,12111022,America,13809404711,Supply Staff
17,Audrey Evans,47,Female,11310324,America,13867209171,Supply Staff
18,Carl Roberts,45,Male,11512914,America,13959111644,Supply Staff
19,Christian White,44,Male,11611101,America,13957306066,Supply Staff
20,Shen Yangchen,46,Male,11410600,America,13830653355,Supply Staff
21,Jing Zhidie,39,Female,12110806,America,18928273520,Supply Staff
22,Zhou Yanbai,40,Female,12012818,America,13835332483,Supply Staff
23,Hua Cailing,43,Female,11710900,America,13836235059,Supply Staff
24,Rebecca Davies,46,Female,11410826,America,18695296614,Supply Staff
25,Shi Ningtao,40,Female,12011924,America,18962441154,Supply Staff
26,Chen Jiabin,46,Male,11410308,America,15052390956,Salesman
27,Zhou Qimei,46,Female,11411124,America,18932304528,Salesman
28,Dottie Walker,43,Female,11710029,America,18957621651,Salesman
29,Miriam Evans,47,Female,11311817,America,15609201594,Salesman
30,Alistair Smith,40,Male,12011919,America,18957760110,Salesman
31,Zhang Runyi,41,Male,11910127,America,18601703786,Salesman
32,Richard Edwards,43,Male,11710209,America,13815125118,Salesman
33,Corinna Smith,38,Female,12210120,America,18958346054,Salesman
34,Ronnie Jackson,39,Male,12110528,America,13870626048,Salesman
35,Patience Robinson,45,Female,11510409,America,18693605151,Salesman
36,You Ruoke,44,Male,11612314,America,13940007283,Salesman
37,Wei Ruichen,47,Male,11310514,America,13959351161,Salesman
38,Wang Qimei,49,Female,11111727,America,13860021464,Salesman
39,Rosalie Evans,48,Female,11212621,America,13889409221,Salesman
40,Dou Yansen,48,Male,11210925,America,18909134675,Salesman
41,Zheng Zibin,42,Male,11810907,America,13818250928,Salesman
42,Vicky Hall,48,Female,11210010,America,13957748858,Salesman
43,Han Changfei,47,Male,11310719,America,13986084233,Salesman
44,Bernadette Wright,42,Female,11811911,America,13829691837,Salesman
45,Wu Fanrui,41,Male,11910524,America,13910481219,Salesman
46,Shui Rusi,46,Female,11410708,America,13979147586,Salesman
47,Xu Jiashu,40,Male,12010216,America,15683516519,Salesman
48,Qian Yuyang,38,Female,12211322,America,18917509086,Salesman
49,Zhang Yilv,39,Female,12111907,America,18631655364,Salesman
50,Miranda Roberts,38,Female,12212915,America,18939713565,Salesman
51,Yang Zhengkai,38,Male,12210019,America,18974863624,Salesman
52,Florrie Williams,38,Female,12212007,America,15091345681,Salesman
53,Ted Taylor,43,Male,11710818,America,15622407318,Salesman
54,Stan Thompson,39,Male,12111112,America,18987756675,Salesman
55,Li Jingwen,38,Male,12211405,America,13968175165,Salesman
56,Deirdre Evans,48,Female,11211217,America,15033852161,Salesman
57,Cherry Lewis,41,Female,11912303,America,13988771717,Salesman
58,Tao Hanfeng,44,Female,11612811,America,15609768742,Salesman
59,Sun Wenyan,46,Female,11412417,America,18663855859,Salesman
60,Allson Edwards,38,Female,12210508,America,15680720535,Salesman
61,Liu Jinquan,46,Male,11410326,America,18687089220,Salesman
62,Robby Jackson,38,Male,12210524,America,15606709103,Salesman
63,Lucy Hall,39,Female,12112210,America,13884091597,Salesman
64,Cao Chuling,44,Female,11611606,America,13910040719,Salesman
65,Benjamin Green,39,Male,12112001,America,15691335568,Salesman
66,Zhang Miaorui,44,Male,11610903,America,18672794124,Salesman
67,Han Siyu,38,Male,12211817,America,15697295343,Salesman
68,Otto Thomas,41,Male,11912919,America,15074427557,Salesman
69,Zhou Lewen,39,Male,12110502,America,13987398085,Salesman
70,Chen Hanfeng,43,Female,11711517,America,13852281965,Salesman
71,Florence Lewis,42,Female,11812209,America,18638300869,Salesman
72,Chu Yiqing,41,Female,11911902,America,13880989505,Salesman
73,Wu Fanrui,46,Male,11410806,America,13952606129,Salesman
74,Marilyn Harris,49,Female,11112918,America,15648043188,Salesman
75,Ray Green,40,Male,12011019,America,18952408498,Salesman
76,Kong Chengjun,44,Male,11611223,America,13963900648,Salesman
77,Ivan Harris,39,Male,12110325,America,13991194384,Salesman
78,Scott Hall,46,Male,11411005,America,13902218906,Salesman
79,Lv Shunhang,48,Male,11212217,America,18986869520,Salesman
80,Zou Jingye,41,Male,11910106,America,18631626712,Salesman
81,Zhou Canqi,41,Male,11912729,America,15012145938,Salesman
82,Florence Walker,47,Female,11312922,America,18654131115,Salesman
83,Nicole Taylor,48,Female,11211510,America,15605395407,Salesman
84,Lenny Jackson,49,Male,11111605,America,13941316848,Salesman
85,David Jackson,41,Male,11911227,America,15663811232,Salesman
86,Zhu Fanyan,43,Female,11712216,America,18943927144,Salesman
87,Tao Ercui,39,Female,12111202,America,13855084716,Salesman
88,Zhou Hanan,45,Female,11511318,America,13876958194,Salesman
89,Kong Ningbai,38,Female,12211404,America,15036461258,Salesman
90,Qing Pingning,38,Female,12212516,America,15036759293,Salesman
91,Yan Yuanxiang,44,Male,11610809,America,15057827326,Salesman
92,Lv Jingwei,45,Male,11510407,America,18930958702,Salesman
93,Shi Congde,47,Male,11311011,America,18907982518,Salesman
94,Zheng Lvping,43,Female,11712901,America,15668995243,Salesman
95,He Ruixun,48,Male,11212015,America,13864072467,Salesman
96,Florence Johnson,45,Female,11511403,America,13953574065,Salesman
97,Jiang Fanrui,46,Male,11412215,America,13930330234,Salesman
98,Wu Xiangchen,45,Male,11510914,America,18662243923,Salesman
99,Qi Gulian,43,Female,11712400,America,13855733112,Salesman
100,Jiang Zhenming,39,Male,12112622,America,13911532865,Salesman
101,Xu Honglin,49,Male,11111703,America,13902792173,Salesman
102,Jiang Weian,49,Male,11110209,America,13898155043,Salesman
103,Zhao Rongchun,46,Male,11410306,America,15074922863,Salesman
104,Xu Yishan,44,Male,11612829,America,15045884000,Salesman
105,Uerica Hall,40,Female,12011701,America,15606761479,Salesman
106,Archibald Thompson,48,Male,11210008,America,15003945587,Contracts Manager
107,Li Lewen,44,Male,11611225,America,13800724495,Contracts Manager
108,Chu Runyi,46,Male,11410122,America,18665857267,Contracts Manager
109,Zhou Manrui,44,Male,11610317,America,13934970262,Contracts Manager
110,Feng Hendong,43,Female,11712421,America,13993818952,Contracts Manager
111,You Boran,43,Male,11711218,America,13963049796,Contracts Manager
112,Yan Rongchun,47,Male,11310908,America,13844681925,Contracts Manager
113,Zhu Zicheng,46,Male,11412313,America,13832687921,Contracts Manager
114,Feng Lewen,44,Male,11611122,America,15001256579,Contracts Manager
115,Xu Nuobo,46,Male,11410007,America,18691284519,Contracts Manager
116,Gracie Davies,40,Female,12010605,America,13890402716,Contracts Manager
117,Han Leqiao,38,Female,12212110,America,15041556592,Contracts Manager
118,Faustina Hall,46,Female,11412900,America,15660705495,Contracts Manager
119,Allson White,43,Female,11710218,America,15623346768,Contracts Manager
120,Zhu Rufeng,47,Female,11311510,America,15010716872,Contracts Manager
121,Zou Xiaorou,43,Female,11711209,America,18627930507,Contracts Manager
122,Shen Mengchao,43,Male,11712520,America,13848720803,Contracts Manager
123,Bai Ningzhen,45,Female,11512213,America,13817326705,Contracts Manager
124,Jing Ziyan,42,Male,11812908,America,15688018946,Contracts Manager
125,Lv Ruoke,39,Male,12111718,America,13949123975,Contracts Manager
126,You Xiangxing,42,Male,11812905,Eastern China,13924787705,Director
127,Xie Jiashuai,47,Male,11310409,Eastern China,13831725621,Supply Staff
128,Samuel Johnson,48,Male,11210622,Eastern China,15636249914,Supply Staff
129,Xu Yixian,44,Male,11612909,Eastern China,13935911937,Supply Staff
130,Bernie Smith,44,Male,11612024,Eastern China,13970817292,Supply Staff
131,Yang Jingwen,41,Male,11912109,Eastern China,18946575272,Supply Staff
132,Di Hall,44,Female,11611609,Eastern China,13863451067,Supply Staff
133,Agnes Roberts,45,Female,11510305,Eastern China,18601984515,Supply Staff
134,Bai Jingping,43,Female,11711304,Eastern China,18603683635,Supply Staff
135,Caesar Roberts,48,Male,11210026,Eastern China,15051773106,Supply Staff
136,Karen Taylor,38,Female,12210703,Eastern China,13876720290,Supply Staff
137,Frankie Wright,40,Male,12010225,Eastern China,13944468545,Supply Staff
138,He Qizhen,42,Female,11811901,Eastern China,13961013521,Supply Staff
139,Wei Maoan,41,Male,11912623,Eastern China,18907614854,Supply Staff
140,Dustin Clarke,44,Male,11610927,Eastern China,13833246195,Supply Staff
141,Jing Muhua,38,Male,12211621,Eastern China,15023695830,Supply Staff
142,Undine Taylor,45,Female,11512115,Eastern China,18959715598,Supply Staff
143,Sun Nianlan,44,Female,11612806,Eastern China,15652032545,Supply Staff
144,Jackie Thomas,48,Female,11211620,Eastern China,15039530124,Supply Staff
145,Fidelia Wilson,40,Female,12012421,Eastern China,13909407406,Supply Staff
146,Phoebe Smith,41,Female,11911120,Eastern China,18912328850,Supply Staff
147,You Xiangxing,45,Male,11511710,Eastern China,13848331704,Supply Staff
148,Li Rufeng,45,Female,11512206,Eastern China,13916883945,Supply Staff
149,Theo White,45,Male,11510326,Eastern China,13986643179,Supply Staff
150,Theodoric Hughes,48,Male,11211016,Eastern China,13863625889,Supply Staff
151,Dermot Lewis,49,Male,11112504,Eastern China,15602715703,Salesman
152,Martina Patel,44,Female,11611508,Eastern China,15636960302,Salesman
153,Shui Zuirou,38,Female,12210519,Eastern China,18687389223,Salesman
154,Zhu Wenlu,38,Male,12211417,Eastern China,18687277158,Salesman
155,Yu Shanwei,44,Female,11612514,Eastern China,13909788477,Salesman
156,Marshall Roberts,45,Male,11511825,Eastern China,15078634397,Salesman
157,Wei Shiyi,47,Male,11311313,Eastern China,13886365952,Salesman
158,Lucinda Harris,47,Female,11310020,Eastern China,13834613733,Salesman
159,Dou Youqing,44,Female,11612519,Eastern China,18695976535,Salesman
160,Feng Ziyu,39,Male,12110824,Eastern China,18660093847,Salesman
161,Dottie Thomas,39,Female,12110129,Eastern China,15085452010,Salesman
162,Bernadette Wilson,41,Female,11911729,Eastern China,18961189437,Salesman
163,Wu Mimei,46,Female,11411829,Eastern China,13942881431,Salesman
164,Marcia Hall,39,Female,12112122,Eastern China,15069566546,Salesman
165,Enos White,45,Male,11511922,Eastern China,18638799648,Salesman
166,Zou Youling,40,Female,12011525,Eastern China,18988482692,Salesman
167,Liu Shiyi,49,Male,11112324,Eastern China,18698191833,Salesman
168,Hal Taylor,41,Male,11912318,Eastern China,18999505149,Salesman
169,Jiang Boran,43,Male,11712501,Eastern China,13941181346,Salesman
170,Sun Haoyan,41,Male,11912616,Eastern China,18610065255,Salesman
171,Shi Tianlan,38,Female,12211415,Eastern China,15064950347,Salesman
172,Qing Chumei,47,Female,11310711,Eastern China,13830026419,Salesman
173,Victor Lewis,46,Male,11410502,Eastern China,18937004621,Salesman
174,Wang Nuobo,49,Male,11112126,Eastern China,18986871484,Salesman
175,Qing Jingping,42,Female,11810008,Eastern China,13829205071,Salesman
176,Wang Qiuyan,45,Female,11512823,Eastern China,15035025121,Salesman
177,Eva Harris,49,Female,11112415,Eastern China,18964807274,Salesman
178,Dora Thompson,40,Female,12012028,Eastern China,15693789626,Salesman
179,Zou Zhidie,44,Female,11611117,Eastern China,15008520109,Salesman
180,Yang Bisong,48,Female,11212212,Eastern China,15660871829,Salesman
181,Craig Jackson,47,Male,11312723,Eastern China,15643684197,Salesman
182,Tao Shuxuan,49,Female,11111424,Eastern China,15085116120,Salesman
183,Mary Edwards,44,Female,11610902,Eastern China,18654024091,Salesman
184,Zhou Shishan,45,Female,11511413,Eastern China,13805315084,Salesman
185,Vincent Roberts,45,Male,11511423,Eastern China,18656005147,Salesman
186,Miranda Williams,38,Female,12210427,Eastern China,18614818998,Salesman
187,Zou Youyi,39,Female,12111519,Eastern China,18603455227,Salesman
188,Liu Mengbai,38,Female,12212112,Eastern China,18644263375,Salesman
189,Feng Erhan,47,Female,11311524,Eastern China,15611561542,Salesman
190,Han Hengran,46,Male,11411320,Eastern China,15017659962,Salesman
191,Urania Walker,46,Female,11411612,Eastern China,15068229490,Salesman
192,Jiang Yingzhi,42,Female,11811718,Eastern China,13872012534,Salesman
193,Yu Xuelu,45,Female,11510013,Eastern China,13930284659,Salesman
194,Yu Kaiyu,45,Male,11510826,Eastern China,13982873533,Salesman
195,Yang Congde,39,Male,12111621,Eastern China,13990246914,Salesman
196,Qi Yishan,39,Male,12110728,Eastern China,18606430869,Salesman
197,Han Chenjia,42,Male,11811626,Eastern China,18937643936,Salesman
198,Lv Yinghui,44,Female,11611816,Eastern China,15671567687,Salesman
199,Zhou Yishuang,48,Female,11212719,Eastern China,15061565341,Salesman
200,Richard Roberts,45,Male,11512522,Eastern China,13950813597,Salesman
201,Hortensia Jackson,45,Female,11511000,Eastern China,15698891214,Salesman
202,Zhang Zhaoyu,49,Male,11111311,Eastern China,13998207774,Salesman
203,Olympia Thomas,41,Female,11911627,Eastern China,13912901670,Salesman
204,Jiang Yuqiao,46,Female,11411917,Eastern China,15045639100,Salesman
205,Maria Harris,39,Female,12111107,Eastern China,18671435981,Salesman
206,Yan Shumeng,38,Female,12210614,Eastern China,15660589740,Salesman
207,Wei Mufeng,45,Male,11510105,Eastern China,18698244030,Salesman
208,Xie Yishuang,40,Female,12011728,Eastern China,15681759413,Salesman
209,Wang Hanhui,44,Female,11612220,Eastern China,18653785415,Salesman
210,Betty Davies,39,Female,12111828,Eastern China,13950195338,Salesman
211,Frank Jackson,47,Male,11310103,Eastern China,13816321884,Salesman
212,He Hanwu,39,Male,12112619,Eastern China,13805699635,Salesman
213,Shui Mengbai,49,Female,11111801,Eastern China,18966070898,Salesman
214,Andrew Johnson,44,Male,11610803,Eastern China,13909231636,Salesman
215,Fran Thompson,41,Female,11911112,Eastern China,15600681584,Salesman
216,Toni Clarke,47,Female,11310927,Eastern China,15073675791,Salesman
217,Chu Linchuan,47,Male,11311115,Eastern China,15080256415,Salesman
218,Avis Roberts,46,Female,11411901,Eastern China,15005657290,Salesman
219,Lisa Smith,48,Female,11211002,Eastern China,18924197525,Salesman
220,He Yunshuo,43,Male,11712016,Eastern China,15676339540,Salesman
221,Joanne Jones,45,Female,11511213,Eastern China,18658136807,Salesman
222,Zheng Bochang,38,Male,12211105,Eastern China,13972571291,Salesman
223,Judith Edwards,48,Female,11211527,Eastern China,15025870700,Salesman
224,Flora Thomas,46,Female,11411019,Eastern China,13802785616,Salesman
225,Qian Yiyu,41,Female,11912900,Eastern China,15064462930,Salesman
226,Hilda Clarke,43,Female,11711214,Eastern China,15689457853,Salesman
227,Sun Hanxuan,39,Female,12112329,Eastern China,18644716340,Salesman
228,Julian Clarke,42,Male,11810021,Eastern China,13974711615,Salesman
229,Chen Nianer,38,Female,12212709,Eastern China,15697366927,Salesman
230,Liu Feilei,45,Female,11511410,Eastern China,15665437795,Salesman
231,Yan Linghai,43,Female,11711129,Eastern China,18667175067,Contracts Manager
232,Jing Chutai,39,Male,12112707,Eastern China,15670838760,Contracts Manager
233,Chen Yinghui,38,Female,12210928,Eastern China,13977262931,Contracts Manager
234,Xie Jiafu,48,Male,11211902,Eastern China,18680749663,Contracts Manager
235,Bertran Hughes,39,Male,12112511,Eastern China,15686864496,Contracts Manager
236,Maureen Davies,48,Female,11212012,Eastern China,18621719561,Contracts Manager
237,He Wenming,42,Male,11812127,Eastern China,13869683917,Contracts Manager
238,Wang Jiaxuan,42,Male,11812826,Eastern China,13951342870,Contracts Manager
239,Kong Shanwei,39,Female,12111303,Eastern China,18937157948,Contracts Manager
240,Li Bingzhi,49,Male,11110624,Eastern China,18630558721,Contracts Manager
241,Qing Muxue,46,Female,11412917,Eastern China,18636223046,Contracts Manager
242,Timothy Wright,46,Male,11412623,Eastern China,18913709126,Contracts Manager
243,Zhu Yunzhi,38,Male,12212520,Eastern China,15071044773,Contracts Manager
244,Jing Nianlan,48,Female,11210928,Eastern China,18664669055,Contracts Manager
245,Millie Robinson,44,Female,11611811,Eastern China,13976277480,Contracts Manager
246,Bob Lewis,47,Male,11310829,Eastern China,13947319351,Contracts Manager
247,Cao Zicheng,46,Male,11410907,Eastern China,13973963674,Contracts Manager
248,Zou Jiayu,39,Male,12112203,Eastern China,15028866306,Contracts Manager
249,Shi Yishan,46,Male,11410520,Eastern China,15049514536,Contracts Manager
250,Zhang Wanzhi,40,Female,12011529,Eastern China,13934753084,Contracts Manager
251,David Robinson,45,Male,11510024,Asia,13976135052,Director
252,Mitchell Hughes,42,Male,11812801,Asia,18978658432,Supply Staff
253,Amos Walker,44,Male,11612315,Asia,13863852369,Supply Staff
254,Judy Wilson,48,Female,11212823,Asia,15089757539,Supply Staff
255,Carrie Hughes,39,Female,12110020,Asia,13962102137,Supply Staff
256,Li Ningzhen,42,Female,11810208,Asia,15653467851,Supply Staff
257,Wu Nuobo,43,Male,11710328,Asia,18689937217,Supply Staff
258,Salome Patel,48,Female,11210906,Asia,13969020238,Supply Staff
259,Qing Linghan,45,Female,11512100,Asia,15021016987,Supply Staff
260,Jing Binzhu,46,Male,11410313,Asia,13934274717,Supply Staff
261,Qing Zhuyu,39,Male,12111825,Asia,18682004975,Supply Staff
262,Han Haizhen,47,Female,11311306,Asia,13821047811,Supply Staff
263,Chu Fangqin,42,Female,11811514,Asia,15053796611,Supply Staff
264,He Yihao,40,Male,12011011,Asia,15652825716,Supply Staff
265,He Ruoyun,39,Female,12112420,Asia,15621794465,Supply Staff
266,Reg Johnson,49,Male,11110916,Asia,18685857534,Supply Staff
267,Qian Jichen,40,Male,12010114,Asia,18678743295,Supply Staff
268,Jiang Wenyin,48,Male,11211517,Asia,18670171493,Supply Staff
269,Jess White,40,Female,12010010,Asia,18628521261,Supply Staff
270,Ralph Thompson,44,Male,11612521,Asia,18998586749,Supply Staff
271,Cao Hanming,40,Male,12011206,Asia,18618114148,Supply Staff
272,Wei Zhuodong,39,Male,12111620,Asia,18678923634,Supply Staff
273,You Yunzhi,44,Male,11610700,Asia,15684045816,Supply Staff
274,Tao Yixuan,47,Male,11312106,Asia,15668442761,Supply Staff
275,Qian Xiaodie,45,Female,11512212,Asia,13857683633,Supply Staff
276,Qian Banxiang,39,Female,12112920,Asia,18620119860,Salesman
277,Bai Yingtian,43,Female,11710903,Asia,13885753171,Salesman
278,Chen Yuanxiang,48,Male,11211219,Asia,15639968841,Salesman
279,Theobald Robinson,42,Male,11811426,Asia,13830333964,Salesman
280,Pat Wilson,46,Male,11412011,Asia,15624601488,Salesman
281,Mimi Green,39,Female,12112613,Asia,18987624415,Salesman
282,Wu Xiangxing,46,Male,11412001,Asia,15069982275,Salesman
283,Chu Pingning,42,Female,11810114,Asia,13949837180,Salesman
284,Malcolm Brown,41,Male,11911204,Asia,13929836941,Salesman
285,Camilla Smith,47,Female,11312828,Asia,13966547841,Salesman
286,Zheng Jingyun,38,Male,12212519,Asia,13913682824,Salesman
287,Chen Yuanjun,38,Male,12210926,Asia,18686339281,Salesman
288,Tao Yishan,44,Female,11611408,Asia,15651274265,Salesman
289,Colin Jones,40,Male,12012309,Asia,15041003332,Salesman
290,Chu Wenming,40,Male,12012809,Asia,18630883140,Salesman
291,Sun Yinger,41,Female,11910404,Asia,13906794354,Salesman
292,Fidelia Hall,40,Female,12012220,Asia,15028279376,Salesman
293,Henry Lewis,38,Male,12212027,Asia,15672327497,Salesman
294,Qi Guqiu,38,Female,12211619,Asia,18600565512,Salesman
295,Zhao Zhengsong,42,Male,11812108,Asia,13872170639,Salesman
296,Han Yuzhou,42,Male,11810727,Asia,18996293617,Salesman
297,Zhou Huanqing,41,Female,11911206,Asia,15060104803,Salesman
298,Xie Zhenming,38,Male,12211718,Asia,15691537032,Salesman
299,Xu Lvping,45,Female,11510102,Asia,18999680234,Salesman
300,Gene Wright,49,Male,11112106,Asia,15610458103,Salesman
301,Jiang Yibo,49,Female,11110502,Asia,15053833226,Salesman
302,Vivian Clarke,49,Male,11112908,Asia,18974833067,Salesman
303,Wang Jinbo,45,Male,11512218,Asia,15609346411,Salesman
304,Qing  zixue,38,Female,12212622,Asia,15657449973,Salesman
305,Feng Shuliu,40,Female,12011917,Asia,15605980669,Salesman
306,You Qiaoqing,48,Female,11212203,Asia,13956614701,Salesman
307,Candida Jackson,43,Female,11710128,Asia,15620472095,Salesman
308,Li Cailing,43,Female,11710825,Asia,13842545267,Salesman
309,Cathy Edwards,47,Female,11310127,Asia,13965664105,Salesman
310,Jing Shiyi,49,Male,11110226,Asia,15073848489,Salesman
311,Wei Youman,43,Female,11710213,Asia,15690572094,Salesman
312,Micky Patel,40,Male,12011708,Asia,18936331523,Salesman
313,Yan Ningyang,45,Female,11510005,Asia,15649764801,Salesman
314,Dou Youtong,39,Male,12112827,Asia,13901526703,Salesman
315,Qing Fanyan,40,Female,12012107,Asia,15068236084,Salesman
316,Lv Qiufeng,39,Female,12110809,Asia,15088530748,Salesman
317,Oliver Wilson,48,Male,11211116,Asia,15014605907,Salesman
318,Dave Jones,45,Male,11510209,Asia,18684691080,Salesman
319,Qian Qianyi,42,Female,11812011,Asia,13842183816,Salesman
320,Mary Wilson,48,Female,11212510,Asia,18626102534,Salesman
321,Yan Shilan,42,Female,11810712,Asia,15092302621,Salesman
322,Jiang Hanxuan,47,Female,11310425,Asia,18629063473,Salesman
323,Yan Chilv,49,Female,11112222,Asia,18915653755,Salesman
324,Zhou Lengrou,45,Female,11512104,Asia,15024361112,Salesman
325,Kong Nianyang,41,Female,11912112,Asia,13999858015,Salesman
326,Hamilton Edwards,38,Male,12211025,Asia,18676194473,Salesman
327,Catherine Clarke,49,Female,11112520,Asia,13884191170,Salesman
328,Lenny Harris,44,Male,11610600,Asia,18923081948,Salesman
329,Jing Yishan,40,Female,12012023,Asia,15604491880,Salesman
330,Nan Brown,43,Female,11710008,Asia,13908490013,Salesman
331,Gavin Thomas,46,Male,11410100,Asia,13945479844,Salesman
332,Yan Zhaoxuan,45,Male,11511121,Asia,13870095720,Salesman
333,You Shaohu,41,Male,11911822,Asia,18985524552,Salesman
334,Oliver Green,39,Male,12112211,Asia,15687147370,Salesman
335,Felicity Roberts,47,Female,11310009,Asia,18622474204,Salesman
336,Xie Zicheng,46,Male,11412317,Asia,18926328538,Salesman
337,Hortensia Johnson,44,Female,11610812,Asia,13892780356,Salesman
338,Bai Dongshuang,42,Female,11812124,Asia,13815686144,Salesman
339,Martina Clarke,49,Female,11112514,Asia,15049305906,Salesman
340,Zhu Yuanchun,47,Female,11310220,Asia,13927562806,Salesman
341,Charlene Edwards,44,Female,11610900,Asia,15667741606,Salesman
342,Qian Jiaxuan,38,Male,12211323,Asia,13857780312,Salesman
343,Jennifer Walker,43,Female,11710304,Asia,13947733265,Salesman
344,Shi Wenming,49,Male,11112303,Asia,15079523863,Salesman
345,Lee Lewis,39,Male,12111307,Asia,18931182645,Salesman
346,Tel Hughes,44,Male,11612508,Asia,15637211321,Salesman
347,Marilyn Hall,39,Female,12112604,Asia,15662126431,Salesman
348,Zhao  youhui,42,Female,11811223,Asia,18687016162,Salesman
349,Norm Clarke,46,Male,11410503,Asia,15687418212,Salesman
350,Zhang Wenke,42,Male,11811304,Asia,15085745621,Salesman
351,Chen Ruoke,40,Male,12011416,Asia,15647985130,Salesman
352,Li Yingtian,44,Female,11610219,Asia,15661798348,Salesman
353,Dou Yunshuo,49,Male,11111829,Asia,15005616385,Salesman
354,Elsa Lewis,41,Female,11912610,Asia,13963582437,Salesman
355,Errol White,42,Male,11812521,Asia,15632395694,Salesman
356,Victor Lewis,43,Male,11712200,Asia,13918098997,Contracts Manager
357,Melissa Evans,46,Female,11410703,Asia,15082681966,Contracts Manager
358,Jiang Qizhen,39,Female,12111414,Asia,15648228450,Contracts Manager
359,Wang Yingtao,44,Female,11612721,Asia,15074810279,Contracts Manager
360,Chu Jingwen,39,Male,12111726,Asia,15646720643,Contracts Manager
361,He Hongbang,40,Male,12012629,Asia,18673404616,Contracts Manager
362,Yan Zicheng,47,Male,11310924,Asia,13965241362,Contracts Manager
363,Luke Brown,40,Male,12011920,Asia,15653796360,Contracts Manager
364,Poll Jackson,41,Female,11910706,Asia,13805244864,Contracts Manager
365,Sandra Brown,42,Female,11811417,Asia,18929417326,Contracts Manager
366,He Benqing,44,Male,11610101,Asia,18699338307,Contracts Manager
367,Yu Feiqing,46,Female,11411003,Asia,18922745977,Contracts Manager
368,Qi Ruize,46,Male,11410318,Asia,18669476121,Contracts Manager
369,Norman Brown,45,Male,11512601,Asia,13924880879,Contracts Manager
370,Li Danqing,42,Female,11812410,Asia,18673636686,Contracts Manager
371,Qing Mining,40,Female,12011802,Asia,18987291370,Contracts Manager
372,Edmund Clarke,38,Male,12211014,Asia,15683948868,Contracts Manager
373,Zhao Yihao,40,Male,12012128,Asia,15052905135,Contracts Manager
374,Persis Wright,45,Female,11510816,Asia,15626473469,Contracts Manager
375,Yan Chunan,48,Male,11211813,Asia,18603989796,Contracts Manager
376,Liz Jones,43,Female,11710914,Southern China,18952324673,Director
377,Yu Qizheng,42,Male,11812213,Southern China,13884540617,Supply Staff
378,Qian Nandie,38,Female,12211003,Southern China,13877463593,Supply Staff
379,Dennis Patel,41,Male,11911223,Southern China,15077553455,Supply Staff
380,Bernie Wilson,40,Male,12011319,Southern China,18641154719,Supply Staff
381,Zhao Yuxuan,40,Male,12012001,Southern China,18908905381,Supply Staff
382,Han Hanwu,39,Male,12110927,Southern China,18637769897,Supply Staff
383,Zhu Yueqi,40,Male,12010909,Southern China,18951255896,Supply Staff
384,Leslie Brown,44,Female,11610326,Southern China,18649276288,Supply Staff
385,Shen Qizhen,48,Female,11210028,Southern China,18687812134,Supply Staff
386,Darrell Johnson,40,Male,12011702,Southern China,13913298284,Supply Staff
387,Zhao Jiayu,39,Male,12111601,Southern China,18681271060,Supply Staff
388,Qian Xiaofeng,41,Female,11912507,Southern China,13854197619,Supply Staff
389,He Banxiang,48,Female,11211615,Southern China,18924078589,Supply Staff
390,George Smith,44,Male,11612422,Southern China,18694675683,Supply Staff
391,Zhou Huiran,39,Male,12111125,Southern China,18604808591,Supply Staff
392,Brian Patel,49,Male,11112809,Southern China,13991503837,Supply Staff
393,Qian Yaxia,47,Female,11312522,Southern China,15007334154,Supply Staff
394,Muriel White,39,Female,12111613,Southern China,13856749672,Supply Staff
395,Xu Hanxuan,38,Female,12212302,Southern China,18937114201,Supply Staff
396,Basil White,40,Male,12010417,Southern China,13903524310,Supply Staff
397,Rosie Wilson,41,Female,11911402,Southern China,15006191648,Supply Staff
398,Jing Jishan,46,Female,11411022,Southern China,18649055055,Supply Staff
399,Chu Shengxiang,49,Male,11111715,Southern China,13968713358,Supply Staff
400,Wu Ruoyan,38,Female,12212423,Southern China,18676352982,Supply Staff
401,Jing Hanshuang,42,Female,11812518,Southern China,18935024518,Salesman
402,Felix Walker,44,Male,11612205,Southern China,15097426676,Salesman
403,Bobby Roberts,46,Male,11412713,Southern China,18699239326,Salesman
404,Noah Harris,47,Male,11310914,Southern China,13935818451,Salesman
405,Clarence Green,45,Male,11512902,Southern China,15694718398,Salesman
406,Zou Lengrou,43,Female,11711721,Southern China,13825496694,Salesman
407,Trudie Lewis,40,Female,12010421,Southern China,18962375539,Salesman
408,Zhu Honglin,48,Male,11210312,Southern China,13825820064,Salesman
409,Zhou Hanling,46,Female,11410421,Southern China,13994010802,Salesman
410,Lv Wanzhi,47,Female,11310620,Southern China,18940947434,Salesman
411,Janey Jackson,46,Female,11410213,Southern China,13985048926,Salesman
412,Jiang Jingwen,44,Male,11611029,Southern China,15647649410,Salesman
413,Zhou Zhongxiao,48,Male,11212119,Southern China,18640776921,Salesman
414,Matt Thompson,43,Male,11710512,Southern China,13932324056,Salesman
415,Jesse Johnson,49,Male,11112416,Southern China,15031069354,Salesman
416,Sun Yankun,43,Male,11710812,Southern China,18922417437,Salesman
417,Lv Jianrong,47,Male,11312113,Southern China,18941514162,Salesman
418,Lv Shizhen,45,Female,11511902,Southern China,15070802434,Salesman
419,Lisa Taylor,41,Female,11911700,Southern China,15685475495,Salesman
420,Yang Baitao,49,Female,11111206,Southern China,15660272878,Salesman
421,Chen Haoyan,47,Male,11310607,Southern China,13870705830,Salesman
422,Natalie Taylor,42,Female,11812022,Southern China,18990290945,Salesman
423,Bai Chutai,43,Male,11710729,Southern China,15690813331,Salesman
424,Xie Minghan,43,Male,11710721,Southern China,18653864171,Salesman
425,Yang Penglong,47,Male,11311415,Southern China,18662638353,Salesman
426,Xu Yuanhong,49,Male,11112611,Southern China,13839324198,Salesman
427,Liu Hanshuang,42,Female,11810525,Southern China,15653974261,Salesman
428,Audrey Wright,42,Female,11812701,Southern China,18949082118,Salesman
429,Jiang Yixuan,43,Male,11711321,Southern China,15612455594,Salesman
430,Patience Hughes,40,Female,12012922,Southern China,15094646510,Salesman
431,Qi Rufeng,46,Female,11411616,Southern China,18619187298,Salesman
432,Feng Ermei,38,Female,12211000,Southern China,15086534755,Salesman
433,Qi Hanxiang,49,Male,11112200,Southern China,18911319405,Salesman
434,Hua Erqiu,48,Female,11210512,Southern China,15628052977,Salesman
435,Cao Yueqi,41,Male,11911416,Southern China,15057947264,Salesman
436,Hua Haonan,40,Male,12012621,Southern China,18682228818,Salesman
437,Dominic Green,43,Male,11710327,Southern China,18621769806,Salesman
438,Tao Xixia,46,Female,11411217,Southern China,18913371070,Salesman
439,Jiang Junzhuo,40,Male,12010126,Southern China,13841436603,Salesman
440,Elroy Edwards,45,Male,11512118,Southern China,13943330557,Salesman
441,Jode Brown,38,Female,12212801,Southern China,13911518558,Salesman
442,Karl Hughes,38,Male,12212006,Southern China,13894495130,Salesman
443,Qian  biqin,46,Female,11411614,Southern China,18603986116,Salesman
444,Dan Wright,41,Male,11911807,Southern China,13988508833,Salesman
445,Xu Ruichen,49,Male,11110923,Southern China,13821706846,Salesman
446,Qi Binzhu,39,Male,12112902,Southern China,15651555135,Salesman
447,Mildred Wright,48,Female,11211017,Southern China,13933700776,Salesman
448,Qi Yinxiang,38,Male,12210722,Southern China,15076744537,Salesman
449,Jiang Hanlan,41,Female,11910709,Southern China,18637953695,Salesman
450,Susanna Taylor,47,Female,11310703,Southern China,15669197323,Salesman
451,Kong Maoan,46,Male,11410027,Southern China,13864597380,Salesman
452,Zou Moyu,46,Male,11412816,Southern China,13949270728,Salesman
453,Chu Guqiu,38,Female,12212528,Southern China,18974814682,Salesman
454,Abe Harris,38,Male,12211623,Southern China,18976184464,Salesman
455,Dulcie Patel,45,Female,11510201,Southern China,18983135639,Salesman
456,Shen Mingliang,48,Male,11210513,Southern China,18685251708,Salesman
457,Kong Xiaocui,40,Female,12010920,Southern China,15021189476,Salesman
458,Cynthia Patel,39,Female,12111625,Southern China,18678419999,Salesman
459,Moira Roberts,43,Female,11712215,Southern China,15641994775,Salesman
460,Anne Jones,42,Female,11810126,Southern China,15665588648,Salesman
461,Jill Thomas,49,Female,11112003,Southern China,13821451983,Salesman
462,Xu Fanrui,48,Male,11211029,Southern China,18676986941,Salesman
463,Brittany White,48,Female,11210713,Southern China,13899633547,Salesman
464,Wu Yuyang,46,Female,11410101,Southern China,15635108537,Salesman
465,You Bisong,45,Female,11510400,Southern China,18644459199,Salesman
466,Ollie Smith,44,Male,11612502,Southern China,15077767818,Salesman
467,Georgie Taylor,40,Female,12010120,Southern China,15617066125,Salesman
468,Wang Wenqiu,42,Female,11810002,Southern China,13863422390,Salesman
469,Malachi Lewis,46,Male,11410820,Southern China,13937820660,Salesman
470,Diana Thompson,41,Female,11911604,Southern China,13834712519,Salesman
471,Martha Clarke,46,Female,11410311,Southern China,18616903538,Salesman
472,Rosalyn Jones,48,Female,11211302,Southern China,13905966109,Salesman
473,Olive Wright,43,Female,11711521,Southern China,13844156177,Salesman
474,Tao Bochang,42,Male,11811908,Southern China,15059214621,Salesman
475,Wayne Taylor,38,Male,12211614,Southern China,15070303753,Salesman
476,Zhou Miyan,38,Female,12211926,Southern China,15014782909,Salesman
477,Yan Yusong,46,Female,11412919,Southern China,13915520945,Salesman
478,Qian Yuanxiang,45,Male,11510606,Southern China,18688985462,Salesman
479,Kong Huaibai,43,Female,11711922,Southern China,18643797214,Salesman
480,Zou Banqin,41,Female,11910808,Southern China,13901142432,Salesman
481,Marshall Hall,47,Male,11311615,Southern China,15004010251,Contracts Manager
482,Fran Smith,45,Female,11512016,Southern China,13982065462,Contracts Manager
483,You Dongsi,47,Female,11312609,Southern China,18955639487,Contracts Manager
484,Zhou Yuandong,42,Female,11810916,Southern China,15024083648,Contracts Manager
485,Diana Robinson,48,Female,11210423,Southern China,13995890033,Contracts Manager
486,Brian Brown,47,Male,11311700,Southern China,15009690461,Contracts Manager
487,Jiang Jingjie,46,Male,11412302,Southern China,15604747830,Contracts Manager
488,Xu  menghan,43,Female,11711207,Southern China,18931198598,Contracts Manager
489,Nicholas Hughes,48,Male,11212200,Southern China,18675499803,Contracts Manager
490,Lv Xinyue,48,Male,11212025,Southern China,13928101294,Contracts Manager
491,Sun  biqin,41,Female,11911800,Southern China,13986404059,Contracts Manager
492,Shui Zhuyu,49,Male,11112312,Southern China,13866763281,Contracts Manager
493,Sun Chufeng,45,Female,11511814,Southern China,18980635996,Contracts Manager
494,Bai Ermei,49,Female,11111609,Southern China,18673422309,Contracts Manager
495,You Qicheng,49,Male,11110306,Southern China,15640275929,Contracts Manager
496,Ozzie Smith,38,Male,12212108,Southern China,13900350627,Contracts Manager
497,Shi Runyi,48,Male,11210628,Southern China,13911676010,Contracts Manager
498,Dermot Robinson,48,Male,11210514,Southern China,18650644724,Contracts Manager
499,Zhang Peiling,45,Female,11510426,Southern China,13851979198,Contracts Manager
500,Milton Smith,39,Male,12110704,Southern China,15044189671,Contracts Manager
501,Jiang Feiqing,45,Female,11511203,Northern China,15063346307,Director
502,Mabel Smith,41,Female,11911804,Northern China,13860891882,Supply Staff
503,Li Benqing,49,Male,11111624,Northern China,13889199951,Supply Staff
504,Chen Gurui,41,Female,11911609,Northern China,18674936591,Supply Staff
505,Dudley White,42,Male,11812728,Northern China,15014782427,Supply Staff
506,Jing Ziyu,49,Male,11111028,Northern China,15695243997,Supply Staff
507,Yan Conglei,46,Female,11411014,Northern China,18647979883,Supply Staff
508,Jane Robinson,42,Female,11812423,Northern China,15070332166,Supply Staff
509,Salome Robinson,47,Female,11312409,Northern China,13866772753,Supply Staff
510,Vivian Brown,48,Male,11210120,Northern China,13987264599,Supply Staff
511,Chu Qiuman,43,Female,11711516,Northern China,15071536983,Supply Staff
512,Kong Xumeng,45,Male,11510129,Northern China,13943189492,Supply Staff
513,Jeanie Wilson,44,Female,11612609,Northern China,13849533904,Supply Staff
514,Shen Tianfan,42,Female,11810110,Northern China,15088879110,Supply Staff
515,Yu Huasheng,43,Male,11711115,Northern China,15621142637,Supply Staff
516,Chen Jiashuai,39,Male,12111814,Northern China,15003660263,Supply Staff
517,Zhang Benqing,38,Male,12210029,Northern China,13960918549,Supply Staff
518,Auberon Robinson,48,Male,11211721,Northern China,15051381078,Supply Staff
519,Crystal Brown,46,Female,11412715,Northern China,15084309768,Supply Staff
520,You Shengjian,47,Male,11312700,Northern China,15063264518,Supply Staff
521,Lester Lewis,41,Male,11911015,Northern China,18991507271,Supply Staff
522,Jeff Lewis,43,Male,11710828,Northern China,13897824252,Supply Staff
523,Kong Qiaobai,39,Female,12112222,Northern China,18962148638,Supply Staff
524,Alistair Lewis,47,Male,11312521,Northern China,13891971811,Supply Staff
525,Benjamin Wilson,43,Male,11712325,Northern China,15067783063,Supply Staff
526,Cao Jiashu,41,Male,11912419,Northern China,13982935548,Salesman
527,Debby Williams,42,Female,11810914,Northern China,18643905431,Salesman
528,Qian Huahong,39,Male,12112825,Northern China,15036808740,Salesman
529,Angelica Harris,39,Female,12110614,Northern China,13801466057,Salesman
530,Hilda Harris,43,Female,11710110,Northern China,13863391481,Salesman
531,Charlene Hall,46,Female,11411820,Northern China,15059383162,Salesman
532,Susan Johnson,44,Female,11611106,Northern China,13861191981,Salesman
533,Shen Shitong,39,Female,12112802,Northern China,13826123601,Salesman
534,Yan Yingzhi,45,Female,11512220,Northern China,18692168525,Salesman
535,Charlotte Davies,47,Female,11311229,Northern China,13949976177,Salesman
536,Tao Yinghui,43,Female,11712907,Northern China,15020644976,Salesman
537,Shui Yihan,44,Female,11612710,Northern China,13962668922,Salesman
538,He Fangqin,43,Female,11712922,Northern China,13938113424,Salesman
539,Sun Hanxiang,45,Female,11512809,Northern China,15059741639,Salesman
540,Dou Lingzhi,48,Female,11210503,Northern China,18913957932,Salesman
541,Phil Robinson,38,Male,12212700,Northern China,15630709639,Salesman
542,Xu Ziyan,42,Male,11812018,Northern China,18925403340,Salesman
543,Murray Davies,48,Male,11210413,Northern China,15065481837,Salesman
544,Wei Xiaoshan,42,Female,11810204,Northern China,15069443206,Salesman
545,Bai Yuzhou,43,Male,11710607,Northern China,15645334039,Salesman
546,June Hall,48,Female,11212228,Northern China,18971216787,Salesman
547,Phoebe White,49,Female,11110711,Northern China,13867433379,Salesman
548,Gillian Jones,48,Female,11211305,Northern China,18651860969,Salesman
549,He Yukun,48,Male,11210611,Northern China,18967603677,Salesman
550,Zhao Yankun,46,Male,11412126,Northern China,15006083021,Salesman
551,Jing Jiaji,38,Male,12210502,Northern China,18971995428,Salesman
552,Daisy Edwards,48,Female,11210712,Northern China,15011121420,Salesman
553,Chu Youqing,41,Female,11912728,Northern China,15660300594,Salesman
554,Nancy Wright,46,Female,11410910,Northern China,13809059908,Salesman
555,Susan Hall,45,Female,11510115,Northern China,18972414010,Salesman
556,Tricia Taylor,41,Female,11910806,Northern China,18977282386,Salesman
557,Juliet Smith,40,Female,12010313,Northern China,15098059461,Salesman
558,Tao Erqing,43,Female,11712500,Northern China,15651177344,Salesman
559,Qian Yukun,40,Male,12011706,Northern China,13820591356,Salesman
560,Alistair Walker,47,Male,11311901,Northern China,15066175538,Salesman
561,Yang Manyun,47,Female,11311818,Northern China,18946478788,Salesman
562,Bai Youyi,43,Female,11712115,Northern China,13820491699,Salesman
563,Cheryl White,39,Female,12110515,Northern China,13848911709,Salesman
564,Qian Jishan,46,Female,11410411,Northern China,13956678456,Salesman
565,Zheng Rusi,38,Female,12212008,Northern China,15694603232,Salesman
566,Tao Manrui,43,Male,11712513,Northern China,13825405039,Salesman
567,Georgina Smith,41,Female,11911012,Northern China,15691496587,Salesman
568,Yan Panhai,44,Female,11612902,Northern China,13885393179,Salesman
569,Louisa Roberts,42,Female,11812007,Northern China,18966855678,Salesman
570,Wang Lisheng,47,Male,11311223,Northern China,13947865508,Salesman
571,Yang Nuobo,44,Male,11612421,Northern China,15087215484,Salesman
572,Zou Haozhen,48,Male,11210204,Northern China,18613342990,Salesman
573,Yan Xiangheng,48,Male,11210708,Northern China,13927999733,Salesman
574,Wang Yuyang,40,Female,12011818,Northern China,18685658883,Salesman
575,Dou Huaiyu,39,Male,12110902,Northern China,13955823401,Salesman
576,Clare Harris,49,Male,11110319,Northern China,15022058632,Salesman
577,Joseph Davies,45,Male,11510416,Northern China,13853290517,Salesman
578,Allen Walker,47,Male,11311619,Northern China,13971923563,Salesman
579,Tel Hughes,48,Male,11211414,Northern China,15671223228,Salesman
580,Zhu Yiye,49,Male,11111203,Northern China,18989797324,Salesman
581,Tao Zhiyong,48,Male,11210219,Northern China,13955068968,Salesman
582,Gracie Williams,38,Female,12211518,Northern China,15654771734,Salesman
583,Zou Xintao,46,Male,11411211,Northern China,15052391875,Salesman
584,Sal Walker,44,Female,11612913,Northern China,15066448396,Salesman
585,Gracie Thomas,46,Female,11411929,Northern China,15616426004,Salesman
586,Aggie Smith,39,Female,12111926,Northern China,15673271314,Salesman
587,Michael Harris,46,Male,11411910,Northern China,13846486784,Salesman
588,Feng Jingping,49,Female,11110802,Northern China,13892932966,Salesman
589,Xu Dongsi,46,Female,11410915,Northern China,15618203439,Salesman
590,Yang  zixue,49,Female,11112716,Northern China,15664059213,Salesman
591,Wei Zibin,40,Male,12012502,Northern China,15066207398,Salesman
592,Ollie Patel,49,Male,11110405,Northern China,18943805369,Salesman
593,Yu Chutai,49,Male,11110407,Northern China,13928637245,Salesman
594,Jing Qize,39,Male,12112114,Northern China,18911514543,Salesman
595,Wu Jianxi,49,Male,11112607,Northern China,18913537836,Salesman
596,Yan Jiaye,38,Male,12211326,Northern China,13857113998,Salesman
597,Feng Chutai,48,Male,11210011,Northern China,13909557872,Salesman
598,Allen Williams,45,Male,11512713,Northern China,15078834977,Salesman
599,Lou Green,39,Male,12110421,Northern China,13891114271,Salesman
600,You Hanfeng,47,Female,11311108,Northern China,13902596073,Salesman
601,Zhu Tinghan,44,Female,11612201,Northern China,18936952957,Salesman
602,Patrick Johnson,38,Male,12211220,Northern China,15059073373,Salesman
603,Yang Xiangheng,40,Male,12011508,Northern China,13971686381,Salesman
604,Christopher Walker,46,Male,11411312,Northern China,15016604133,Salesman
605,Shen Mengbai,41,Female,11910305,Northern China,13973701454,Salesman
606,Joseph Davies,38,Male,12210020,Northern China,13855475664,Contracts Manager
607,Wu Jiayu,39,Male,12110800,Northern China,13981604436,Contracts Manager
608,Bai Zibin,38,Male,12212719,Northern China,13978258053,Contracts Manager
609,Eulalia Brown,43,Female,11712222,Northern China,15611521923,Contracts Manager
610,Zhao Bandan,44,Female,11610109,Northern China,15660112160,Contracts Manager
611,Kong Yuqiao,45,Female,11511608,Northern China,15099570975,Contracts Manager
612,Rupert Walker,44,Male,11610022,Northern China,13837332637,Contracts Manager
613,Tommy Davies,49,Male,11110313,Northern China,13965685007,Contracts Manager
614,Aggie Smith,49,Female,11112822,Northern China,13890821768,Contracts Manager
615,He Huaibai,48,Female,11210316,Northern China,18615409124,Contracts Manager
616,Arnold Wright,40,Male,12010806,Northern China,13813278638,Contracts Manager
617,Theodore Jones,46,Male,11411314,Northern China,15637550207,Contracts Manager
618,Tao Binzhu,41,Male,11911811,Northern China,13811252764,Contracts Manager
619,Zhang Qintao,41,Male,11911428,Northern China,15098553535,Contracts Manager
620,Jessy Clarke,38,Male,12212618,Northern China,15622821239,Contracts Manager
621,Trevor Evans,38,Male,12210929,Northern China,18622164699,Contracts Manager
622,Zheng Runyi,42,Male,11812628,Northern China,15613461351,Contracts Manager
623,Sara Patel,48,Female,11210425,Northern China,15029521800,Contracts Manager
624,Qing Canning,41,Male,11911411,Northern China,13898229676,Contracts Manager
625,Olive Taylor,49,Female,11110321,Northern China,18904349852,Contracts Manager
626,Qian Qianqiu,43,Female,11710621,Europe,13826275879,Director
627,Zheng Anran,46,Male,11411412,Europe,18618045550,Supply Staff
628,Xie Yuyang,44,Female,11611903,Europe,13944671764,Supply Staff
629,Hua Zhaoyu,48,Male,11210013,Europe,15699277820,Supply Staff
630,Chen Dongyan,45,Female,11511625,Europe,15099875207,Supply Staff
631,Yang Hanzhe,44,Male,11612023,Europe,18982417146,Supply Staff
632,Qi Jiaye,43,Male,11711728,Europe,13885966956,Supply Staff
633,Shi Tingping,39,Female,12111228,Europe,15061819814,Supply Staff
634,Cao Yuanhong,46,Male,11410529,Europe,18679830367,Supply Staff
635,Zheng Manlv,42,Female,11812319,Europe,15006794564,Supply Staff
636,Shui Nuobo,39,Male,12111922,Europe,13913540869,Supply Staff
637,Zhou Zhuodong,45,Male,11512607,Europe,13961123893,Supply Staff
638,Teresa Davies,42,Female,11812821,Europe,13891982464,Supply Staff
639,Wang Feifeng,44,Female,11611812,Europe,13934358401,Supply Staff
640,Mandy Smith,46,Female,11412311,Europe,15021347865,Supply Staff
641,Hector White,44,Male,11611227,Europe,13932852743,Supply Staff
642,Jiang Rusi,48,Female,11210524,Europe,18668906200,Supply Staff
643,Sebastian Roberts,42,Male,11812006,Europe,13902204580,Supply Staff
644,Cao Feilei,39,Female,12111027,Europe,13923207645,Supply Staff
645,Zheng Biyan,41,Female,11910019,Europe,15031117856,Supply Staff
646,Zhang Yousong,46,Female,11412615,Europe,18677768520,Supply Staff
647,Benjamin Davies,38,Male,12211106,Europe,13866484683,Supply Staff
648,Wei Shiyan,44,Female,11612717,Europe,15674552802,Supply Staff
649,Yu Ziyun,46,Female,11412326,Europe,13941972839,Supply Staff
650,Bai Dongtao,48,Female,11211418,Europe,13859120738,Supply Staff
651,Zhou Leqiao,38,Female,12211711,Europe,18664254367,Salesman
652,Shen Lisheng,44,Male,11612606,Europe,13861013178,Salesman
653,Bridget Patel,47,Female,11310110,Europe,18943199652,Salesman
654,Anne Davies,48,Female,11211323,Europe,18946670873,Salesman
655,Ed Harris,46,Male,11411720,Europe,13824150273,Salesman
656,Dou Ruichen,39,Male,12111803,Europe,18643572672,Salesman
657,Lindsay Davies,44,Female,11612800,Europe,18943286924,Salesman
658,Pete Evans,49,Male,11111217,Europe,15011038308,Salesman
659,Qi Lvwei,38,Female,12212815,Europe,13983501780,Salesman
660,Shui Ruoyan,44,Female,11610619,Europe,18637811038,Salesman
661,Zhang  biqin,43,Female,11710100,Europe,13913466199,Salesman
662,Jiang Qicheng,49,Male,11111618,Europe,18613460353,Salesman
663,Qi Erqing,48,Female,11211708,Europe,18957695206,Salesman
664,Leila Roberts,45,Female,11511312,Europe,15086821816,Salesman
665,Maureen Williams,39,Female,12112505,Europe,15075333888,Salesman
666,Oz Smith,42,Male,11810706,Europe,15087063733,Salesman
667,Phyllis Evans,49,Female,11112029,Europe,18685322740,Salesman
668,Dou Wanzhi,48,Female,11210923,Europe,15098913299,Salesman
669,Tessa White,47,Female,11311906,Europe,13963976928,Salesman
670,Hamilton Thomas,42,Male,11812802,Europe,15023535195,Salesman
671,Shi Yuzhou,43,Male,11712019,Europe,15659504876,Salesman
672,Joanne Taylor,46,Female,11410404,Europe,18929478204,Salesman
673,Shen Zhiteng,45,Male,11511906,Europe,13941916164,Salesman
674,Kong Aonan,45,Female,11512419,Europe,13891465941,Salesman
675,Daniel Green,44,Male,11611112,Europe,18604930949,Salesman
676,Liu Wenjing,42,Male,11812101,Europe,18659494427,Salesman
677,He Wenyin,43,Male,11712128,Europe,18961133099,Salesman
678,Sonia Wright,45,Female,11512408,Europe,18639197649,Salesman
679,Qing Maoan,45,Male,11510023,Europe,13850673191,Salesman
680,Hua Wenjing,41,Male,11910723,Europe,13841249541,Salesman
681,Jessica Jones,40,Female,12011018,Europe,15625169397,Salesman
682,Lv Jiamin,49,Male,11112214,Europe,18605231640,Salesman
683,Ray Wilson,39,Male,12110429,Europe,18904726351,Salesman
684,Lv Yuanxiang,46,Male,11412512,Europe,15044720365,Salesman
685,Carrie Clarke,43,Female,11711701,Europe,15656026139,Salesman
686,Chen Chenjia,41,Male,11911913,Europe,15098824410,Salesman
687,Qian Bochang,47,Male,11310722,Europe,18912693787,Salesman
688,Lv Yunzhi,47,Male,11311914,Europe,15086743807,Salesman
689,Sal Edwards,49,Female,11112206,Europe,18983513679,Salesman
690,Eric Lewis,44,Male,11610016,Europe,15013323584,Salesman
691,Hua Zhuodong,47,Male,11312223,Europe,18634713970,Salesman
692,Jackie Taylor,49,Female,11110611,Europe,15037461347,Salesman
693,Vivian Johnson,41,Male,11910717,Europe,15083663048,Salesman
694,Li Jingwen,42,Male,11811618,Europe,15051112476,Salesman
695,Zhang Yunzhi,38,Male,12211001,Europe,18934670692,Salesman
696,Naomi Lewis,48,Female,11212724,Europe,15632679243,Salesman
697,Wei Leqiao,42,Female,11812422,Europe,18971543234,Salesman
698,Qi Jiabin,48,Male,11210706,Europe,13883890984,Salesman
699,Li Linglian,49,Female,11112116,Europe,13834907428,Salesman
700,Clare Green,44,Female,11611511,Europe,15623523765,Salesman
701,Moira Hughes,38,Female,12210529,Europe,15034261239,Salesman
702,Feng Zhenming,45,Male,11511523,Europe,18910019042,Salesman
703,Leonard Clarke,38,Male,12211508,Europe,18904797951,Salesman
704,Allson Evans,39,Female,12111324,Europe,18668152894,Salesman
705,Theobald Thompson,46,Male,11410203,Europe,18628061981,Salesman
706,Malcolm Edwards,47,Male,11312003,Europe,13915906463,Salesman
707,Zhang Mimei,46,Female,11411716,Europe,13839866372,Salesman
708,Ed Davies,42,Male,11810104,Europe,13924863552,Salesman
709,Padraic Davies,42,Male,11811615,Europe,18610106228,Salesman
710,Jeffrey Robinson,48,Male,11212711,Europe,18658605272,Salesman
711,Priscilla Thompson,43,Female,11711710,Europe,15659160287,Salesman
712,He Leshuang,49,Female,11111024,Europe,13950610498,Salesman
713,Wei Yangyang,44,Male,11610603,Europe,15661025568,Salesman
714,Jeanie Evans,46,Female,11410014,Europe,15698201024,Salesman
715,Kong Xiangzhe,42,Male,11810719,Europe,18608114189,Salesman
716,Lv Yinxiang,41,Male,11912423,Europe,15023405921,Salesman
717,Adolf Davies,38,Male,12211913,Europe,15075997121,Salesman
718,Geraint Walker,47,Male,11310224,Europe,15011638613,Salesman
719,Lou White,48,Male,11212120,Europe,15622710919,Salesman
720,Chen Ziyan,48,Male,11211422,Europe,13985564910,Salesman
721,Alma Williams,42,Female,11810722,Europe,15615781133,Salesman
722,Stewart Jones,40,Male,12011126,Europe,18908287035,Salesman
723,Xie Ercui,46,Female,11412600,Europe,18981092712,Salesman
724,Danny Smith,39,Male,12111219,Europe,15656054124,Salesman
725,Adelina Taylor,48,Female,11210506,Europe,18698722990,Salesman
726,Katharine Thompson,42,Female,11810625,Europe,18622890184,Salesman
727,Han Peixiang,46,Female,11411326,Europe,15054504848,Salesman
728,Shen Yuanchun,42,Female,11810206,Europe,15051980900,Salesman
729,Rosalind Roberts,41,Female,11911424,Europe,15066206015,Salesman
730,Mignon Walker,38,Female,12212523,Europe,18924870480,Salesman
731,Kong Yuandong,44,Female,11610829,Europe,13957711628,Contracts Manager
732,Zou Moyu,45,Male,11512017,Europe,13949333244,Contracts Manager
733,Zhang Jiayu,43,Male,11710709,Europe,15035685329,Contracts Manager
734,Van Hughes,41,Male,11912417,Europe,15630507980,Contracts Manager
735,Shen Haifeng,38,Female,12211729,Europe,15620510105,Contracts Manager
736,Qian Junqin,49,Male,11112406,Europe,15621313057,Contracts Manager
737,Barbara Hall,41,Female,11910129,Europe,15001561594,Contracts Manager
738,Lindsay Taylor,47,Female,11312022,Europe,13885244346,Contracts Manager
739,Stanley Thomas,43,Male,11712313,Europe,18614288867,Contracts Manager
740,Graham Hughes,42,Male,11812708,Europe,15013857255,Contracts Manager
741,Dou Youyi,45,Female,11512325,Europe,18697159896,Contracts Manager
742,Shen Jinquan,39,Male,12112115,Europe,15086986800,Contracts Manager
743,Murray Edwards,42,Male,11810112,Europe,18991801109,Contracts Manager
744,Zheng Rongchun,45,Male,11510812,Europe,13844791357,Contracts Manager
745,Marcia Wright,41,Female,11912320,Europe,15019139646,Contracts Manager
746,Auberon Smith,38,Male,12210428,Europe,18653845605,Contracts Manager
747,Wang Mucheng,48,Male,11210307,Europe,15068585157,Contracts Manager
748,Zhou Yaokun,47,Male,11312823,Europe,15694798702,Contracts Manager
749,Ron Hall,39,Male,12110722,Europe,18659430348,Contracts Manager
750,Dou Yishuang,42,Female,11810411,Europe,18697569508,Contracts Manager
751,Zheng Jiaxuan,40,Male,12010201,Southwestern China,15045496448,Director
752,Vivien Johnson,38,Female,12211320,Southwestern China,15665186413,Supply Staff
753,Richie Roberts,42,Male,11812407,Southwestern China,13913280853,Supply Staff
754,Zheng Hanxiang,39,Female,12111627,Southwestern China,18670303787,Supply Staff
755,Jing Manyun,38,Female,12210612,Southwestern China,18602368649,Supply Staff
756,Hua Boran,41,Male,11910910,Southwestern China,15678864028,Supply Staff
757,Yu Ruichen,49,Male,11110410,Southwestern China,15653633429,Supply Staff
758,Floyd Green,47,Male,11310305,Southwestern China,13931236054,Supply Staff
759,Xie Tingqin,44,Female,11610322,Southwestern China,13851038298,Supply Staff
760,Irwin Green,39,Male,12111906,Southwestern China,13848256680,Supply Staff
761,Shi Tingping,47,Female,11312100,Southwestern China,18917395106,Supply Staff
762,Chu Yingzhi,38,Female,12211403,Southwestern China,13892297977,Supply Staff
763,Qian Shunhang,45,Male,11510516,Southwestern China,13904943158,Supply Staff
764,Ross Edwards,44,Male,11610329,Southwestern China,15082403377,Supply Staff
765,Roger White,47,Male,11311712,Southwestern China,15657072117,Supply Staff
766,Hua Yuwen,45,Female,11511720,Southwestern China,18909695537,Supply Staff
767,He Pengxiao,46,Male,11410208,Southwestern China,13992952835,Supply Staff
768,Qi Haizhen,49,Female,11110111,Southwestern China,18903816077,Supply Staff
769,Kent Wilson,43,Male,11710805,Southwestern China,18677968674,Supply Staff
770,Joanne White,49,Female,11112718,Southwestern China,15696020889,Supply Staff
771,Ned Walker,42,Male,11810305,Southwestern China,18920058215,Supply Staff
772,Eli White,44,Male,11611019,Southwestern China,18657056752,Supply Staff
773,Yan Yingwen,42,Female,11811720,Southwestern China,15011117135,Supply Staff
774,Robin Green,42,Female,11811307,Southwestern China,15058014776,Supply Staff
775,Zhang Zhixiang,46,Male,11411810,Southwestern China,18648771704,Supply Staff
776,Jock Walker,43,Male,11710522,Southwestern China,13847306454,Salesman
777,He Yuke,46,Male,11411011,Southwestern China,13862391062,Salesman
778,Yu Haonan,38,Male,12210804,Southwestern China,18620772002,Salesman
779,Zhang Rongchun,46,Male,11410106,Southwestern China,13876049145,Salesman
780,Wu Yuke,41,Male,11911319,Southwestern China,15697716653,Salesman
781,Evadne Patel,43,Female,11711021,Southwestern China,18968189028,Salesman
782,Wang Linglian,39,Female,12112312,Southwestern China,18969987402,Salesman
783,Fidelia Brown,46,Female,11411425,Southwestern China,13968050454,Salesman
784,Zou Muman,40,Female,12011005,Southwestern China,15082906238,Salesman
785,Vanessa Taylor,45,Female,11510803,Southwestern China,15673419018,Salesman
786,Pam Wright,40,Female,12011424,Southwestern China,15681418158,Salesman
787,Leila Smith,46,Female,11410413,Southwestern China,13844258588,Salesman
788,Yu Shuzhen,48,Female,11211904,Southwestern China,15002712259,Salesman
789,Yang Guqiu,41,Female,11911407,Southwestern China,18618885717,Salesman
790,Feng Runbin,46,Male,11411706,Southwestern China,18651835501,Salesman
791,Xu Dongqing,49,Female,11111906,Southwestern China,18906327698,Salesman
792,Cao Yanlei,43,Female,11711714,Southwestern China,15051467267,Salesman
793,Sean Jones,49,Male,11111304,Southwestern China,15079603202,Salesman
794,Liu Miaorui,40,Male,12011102,Southwestern China,13875091436,Salesman
795,Wei Shengjian,46,Male,11410003,Southwestern China,15093350281,Salesman
796,Camilla Smith,38,Female,12211502,Southwestern China,13888156877,Salesman
797,Malachi Hughes,40,Male,12011310,Southwestern China,15692037530,Salesman
798,Sophia Davies,41,Female,11910210,Southwestern China,13951024215,Salesman
799,Wei Yingtian,42,Female,11811816,Southwestern China,18950729224,Salesman
800,Qian Yuyang,38,Female,12210916,Southwestern China,18693379558,Salesman
801,Xie Linchuan,45,Male,11510010,Southwestern China,13963778907,Salesman
802,Saul Thompson,46,Male,11410214,Southwestern China,13815670484,Salesman
803,Jason Evans,44,Male,11610717,Southwestern China,13995118915,Salesman
804,Juliana Harris,49,Female,11110725,Southwestern China,18980805234,Salesman
805,Eleanor Patel,39,Female,12110225,Southwestern China,15058335384,Salesman
806,Qi Fanrui,44,Male,11611317,Southwestern China,15041528785,Salesman
807,Shui Xiangchen,44,Male,11610925,Southwestern China,15083994279,Salesman
808,Chu Yiqing,45,Female,11510902,Southwestern China,15056215954,Salesman
809,Polly Walker,39,Female,12112727,Southwestern China,15662365107,Salesman
810,Philemen Brown,46,Male,11410905,Southwestern China,15042197811,Salesman
811,Wu Yuanchun,40,Female,12010008,Southwestern China,13826019898,Salesman
812,Wei Ruize,41,Male,11912713,Southwestern China,18942952860,Salesman
813,Zou Muxue,46,Female,11410104,Southwestern China,18658582425,Salesman
814,Hua Siyu,49,Male,11112503,Southwestern China,13844751765,Salesman
815,Shi Guzhu,41,Female,11911722,Southwestern China,18968522668,Salesman
816,Chen Chundie,44,Female,11611410,Southwestern China,18987365407,Salesman
817,Evelyn Edwards,49,Female,11111115,Southwestern China,15698087021,Salesman
818,Chu  zixue,47,Female,11310520,Southwestern China,13884487578,Salesman
819,Qian Jingxiang,41,Male,11912215,Southwestern China,18906077064,Salesman
820,Tommy Harris,38,Male,12211603,Southwestern China,18981774268,Salesman
821,Crystal Walker,41,Female,11910015,Southwestern China,13975605074,Salesman
822,Ted White,49,Male,11112911,Southwestern China,13872798954,Salesman
823,Alfred Thomas,39,Male,12111227,Southwestern China,18985327914,Salesman
824,Qi Xiangling,46,Female,11412101,Southwestern China,15600505124,Salesman
825,Dou Huanqing,41,Female,11912706,Southwestern China,13977560856,Salesman
826,Lester Thompson,43,Male,11712125,Southwestern China,13960497825,Salesman
827,Frieda Thompson,41,Female,11911702,Southwestern China,18992126544,Salesman
828,Shi Shaohu,46,Male,11412820,Southwestern China,18665305291,Salesman
829,Cecil Walker,41,Male,11912404,Southwestern China,18908106812,Salesman
830,Tina Hall,49,Female,11112709,Southwestern China,15051134968,Salesman
831,Sean Jackson,45,Male,11510427,Southwestern China,18902436646,Salesman
832,Willy Patel,47,Male,11312304,Southwestern China,15622520990,Salesman
833,Han Pingtian,44,Female,11612918,Southwestern China,18683156813,Salesman
834,Mary Clarke,47,Female,11311921,Southwestern China,15017977858,Salesman
835,Dan Thomas,48,Male,11211428,Southwestern China,15698372907,Salesman
836,Jo Roberts,45,Female,11512308,Southwestern China,13974570937,Salesman
837,Marcie Davies,40,Female,12011517,Southwestern China,13853910784,Salesman
838,Archibald Lewis,40,Male,12010703,Southwestern China,18960333107,Salesman
839,Wang Zhengsong,39,Male,12112900,Southwestern China,13921608724,Salesman
840,Chen Chunfu,45,Female,11512413,Southwestern China,13822330958,Salesman
841,Isabel Clarke,43,Female,11711603,Southwestern China,18907350082,Salesman
842,Sally Thomas,38,Female,12212215,Southwestern China,13896412880,Salesman
843,Tao Chengjun,48,Male,11210724,Southwestern China,15034757254,Salesman
844,Han  qizhen,45,Female,11511019,Southwestern China,15084888189,Salesman
845,Xie Wenyan,45,Female,11512702,Southwestern China,18968451760,Salesman
846,Zou Panlei,47,Female,11312809,Southwestern China,15097673852,Salesman
847,He Chilv,38,Female,12210911,Southwestern China,18679946737,Salesman
848,Joan Johnson,44,Female,11612426,Southwestern China,13908204055,Salesman
849,Kong Youqing,45,Female,11511127,Southwestern China,15641123045,Salesman
850,Pius Hughes,43,Male,11710803,Southwestern China,15040270297,Salesman
851,Wang Shuliu,44,Female,11612805,Southwestern China,15067727199,Salesman
852,Steven Taylor,49,Male,11112326,Southwestern China,13838231084,Salesman
853,Qi Yousong,49,Female,11112919,Southwestern China,13983180228,Salesman
854,Shi Binggan,45,Male,11511914,Southwestern China,18976035237,Salesman
855,Jiang Yahe,43,Female,11710215,Southwestern China,13945549155,Salesman
856,Yan Xiaofeng,44,Male,11610015,Southwestern China,15690792395,Contracts Manager
857,He Hanan,42,Female,11810014,Southwestern China,15661971857,Contracts Manager
858,You Jingyun,45,Male,11511007,Southwestern China,13979841817,Contracts Manager
859,Hedwig Williams,38,Female,12211226,Southwestern China,15695281764,Contracts Manager
860,Qian Yupeng,38,Male,12210320,Southwestern China,18977785520,Contracts Manager
861,Christine Evans,44,Female,11611627,Southwestern China,18690580198,Contracts Manager
862,Julian Wilson,49,Male,11111510,Southwestern China,15071361392,Contracts Manager
863,Shen Zhengsong,39,Male,12112013,Southwestern China,18910613781,Contracts Manager
864,Craig Thompson,47,Male,11312229,Southwestern China,15002945019,Contracts Manager
865,Mabel Patel,44,Female,11610318,Southwestern China,13832293707,Contracts Manager
866,Yang Huanwen,41,Female,11910202,Southwestern China,13956409278,Contracts Manager
867,Sun Jiaxuan,39,Male,12110710,Southwestern China,18965536051,Contracts Manager
868,Yang Youling,49,Female,11111429,Southwestern China,18600332576,Contracts Manager
869,Sandra Williams,49,Female,11112015,Southwestern China,18603309373,Contracts Manager
870,Bai Muhua,49,Male,11112928,Southwestern China,13848283803,Contracts Manager
871,Qing Qizheng,48,Male,11210909,Southwestern China,15052254763,Contracts Manager
872,Gwendoline Thompson,40,Female,12011418,Southwestern China,13979659683,Contracts Manager
873,Sid Williams,44,Male,11611702,Southwestern China,18621832099,Contracts Manager
874,He Hanxiang,40,Male,12010024,Southwestern China,18652217119,Contracts Manager
875,Amy Thompson,44,Female,11611103,Southwestern China,15080247527,Contracts Manager
876,Gaston Harris,47,Male,11311624,"Hong Kong, Macao and Taiwan regions of China",15638575006,Director
877,Dou Youtong,44,Male,11612910,"Hong Kong, Macao and Taiwan regions of China",13924463586,Supply Staff
878,Christian Wright,47,Male,11311902,"Hong Kong, Macao and Taiwan regions of China",13840211082,Supply Staff
879,Sun Ruyu,45,Male,11511728,"Hong Kong, Macao and Taiwan regions of China",18630096502,Supply Staff
880,Rosalind Harris,48,Female,11212008,"Hong Kong, Macao and Taiwan regions of China",13821309686,Supply Staff
881,Adelina Hughes,43,Female,11712202,"Hong Kong, Macao and Taiwan regions of China",13925252488,Supply Staff
882,Hannah Jackson,38,Female,12212407,"Hong Kong, Macao and Taiwan regions of China",15686777514,Supply Staff
883,Yu Yixian,45,Male,11512521,"Hong Kong, Macao and Taiwan regions of China",18928820996,Supply Staff
884,Qing Shiyun,43,Female,11710319,"Hong Kong, Macao and Taiwan regions of China",18647249691,Supply Staff
885,Sophronia Harris,44,Female,11611721,"Hong Kong, Macao and Taiwan regions of China",18672443902,Supply Staff
886,Bai Xuelu,38,Female,12210516,"Hong Kong, Macao and Taiwan regions of China",13816578955,Supply Staff
887,Jim Johnson,43,Male,11711609,"Hong Kong, Macao and Taiwan regions of China",18908203198,Supply Staff
888,Zhang Chilv,44,Female,11612727,"Hong Kong, Macao and Taiwan regions of China",13830355133,Supply Staff
889,Jing Huaibai,46,Female,11411608,"Hong Kong, Macao and Taiwan regions of China",13834724532,Supply Staff
890,Shi Hongbang,42,Male,11811124,"Hong Kong, Macao and Taiwan regions of China",18947053480,Supply Staff
891,Paul Edwards,43,Male,11710200,"Hong Kong, Macao and Taiwan regions of China",13880541935,Supply Staff
892,Sun Shizhen,48,Female,11211915,"Hong Kong, Macao and Taiwan regions of China",13871926181,Supply Staff
893,Burt Robinson,40,Male,12010902,"Hong Kong, Macao and Taiwan regions of China",15607919844,Supply Staff
894,Shen Yuzhou,38,Male,12210904,"Hong Kong, Macao and Taiwan regions of China",15633087233,Supply Staff
895,Nora Green,40,Female,12011219,"Hong Kong, Macao and Taiwan regions of China",13832927004,Supply Staff
896,Wang Chumei,38,Female,12210114,"Hong Kong, Macao and Taiwan regions of China",18605924146,Supply Staff
897,Emlyn Clarke,43,Male,11710106,"Hong Kong, Macao and Taiwan regions of China",15608040152,Supply Staff
898,Wei Yanhong,49,Male,11112606,"Hong Kong, Macao and Taiwan regions of China",13880795819,Supply Staff
899,Patti Jones,45,Female,11512202,"Hong Kong, Macao and Taiwan regions of China",13929714055,Supply Staff
900,Wei Ruichen,42,Male,11810528,"Hong Kong, Macao and Taiwan regions of China",18630660033,Supply Staff
901,Elsa Jones,39,Female,12112300,"Hong Kong, Macao and Taiwan regions of China",13877433063,Salesman
902,Fiona Wilson,45,Female,11510006,"Hong Kong, Macao and Taiwan regions of China",18980108445,Salesman
903,Yu Miaocui,43,Female,11711122,"Hong Kong, Macao and Taiwan regions of China",15694815599,Salesman
904,Sadie Hughes,43,Female,11711514,"Hong Kong, Macao and Taiwan regions of China",13997748487,Salesman
905,Zhu Weian,48,Male,11211004,"Hong Kong, Macao and Taiwan regions of China",15694244602,Salesman
906,Kong Pinglv,43,Female,11711716,"Hong Kong, Macao and Taiwan regions of China",15067667014,Salesman
907,He Xinyue,39,Male,12110813,"Hong Kong, Macao and Taiwan regions of China",13928811240,Salesman
908,Han Anxuan,41,Female,11912220,"Hong Kong, Macao and Taiwan regions of China",18686914320,Salesman
909,Glenda Taylor,41,Female,11910811,"Hong Kong, Macao and Taiwan regions of China",15090285509,Salesman
910,Rick Walker,43,Male,11711310,"Hong Kong, Macao and Taiwan regions of China",13845732810,Salesman
911,Qing Muhao,42,Male,11812226,"Hong Kong, Macao and Taiwan regions of China",18979820269,Salesman
912,Joe Jackson,48,Male,11212524,"Hong Kong, Macao and Taiwan regions of China",13981892390,Salesman
913,Tricia Lewis,49,Female,11111113,"Hong Kong, Macao and Taiwan regions of China",15644251290,Salesman
914,Edward Thompson,41,Male,11912925,"Hong Kong, Macao and Taiwan regions of China",13910781606,Salesman
915,Yu Youcui,47,Female,11311215,"Hong Kong, Macao and Taiwan regions of China",18603731574,Salesman
916,Joseph Taylor,41,Male,11910916,"Hong Kong, Macao and Taiwan regions of China",13982600859,Salesman
917,Wei Runbin,47,Male,11311028,"Hong Kong, Macao and Taiwan regions of China",15633980855,Salesman
918,Jiang Lengrou,45,Female,11510629,"Hong Kong, Macao and Taiwan regions of China",15078677864,Salesman
919,Theo Edwards,40,Male,12010521,"Hong Kong, Macao and Taiwan regions of China",18942438052,Salesman
920,Leslie Evans,39,Male,12111323,"Hong Kong, Macao and Taiwan regions of China",15086706736,Salesman
921,Anthea Smith,43,Female,11712312,"Hong Kong, Macao and Taiwan regions of China",13822403967,Salesman
922,Feng Yixian,46,Male,11412106,"Hong Kong, Macao and Taiwan regions of China",13883896077,Salesman
923,Xu Bingzhi,40,Male,12011115,"Hong Kong, Macao and Taiwan regions of China",15666294015,Salesman
924,Judy Wright,45,Female,11511524,"Hong Kong, Macao and Taiwan regions of China",13872056675,Salesman
925,Andrew Davies,39,Male,12110203,"Hong Kong, Macao and Taiwan regions of China",18668717910,Salesman
926,Jasper Wright,41,Male,11911323,"Hong Kong, Macao and Taiwan regions of China",15025038804,Salesman
927,Chen Xiangman,44,Female,11610012,"Hong Kong, Macao and Taiwan regions of China",18950665504,Salesman
928,Wu Yunzhi,46,Male,11411723,"Hong Kong, Macao and Taiwan regions of China",13804242356,Salesman
929,Bai Rusi,48,Female,11210225,"Hong Kong, Macao and Taiwan regions of China",15080012926,Salesman
930,Qing Yousong,39,Female,12111607,"Hong Kong, Macao and Taiwan regions of China",18919266551,Salesman
931,Milton Hall,49,Male,11112316,"Hong Kong, Macao and Taiwan regions of China",15090666285,Salesman
932,Libby Patel,44,Female,11610606,"Hong Kong, Macao and Taiwan regions of China",18921558921,Salesman
933,Molly Wilson,47,Female,11310212,"Hong Kong, Macao and Taiwan regions of China",13867191407,Salesman
934,Zhu Hanxuan,40,Female,12012712,"Hong Kong, Macao and Taiwan regions of China",18639347903,Salesman
935,Frieda Johnson,39,Female,12112006,"Hong Kong, Macao and Taiwan regions of China",18936329960,Salesman
936,Qi Zhuyu,49,Male,11112523,"Hong Kong, Macao and Taiwan regions of China",13994163061,Salesman
937,Feng Yishan,48,Female,11211015,"Hong Kong, Macao and Taiwan regions of China",15050103259,Salesman
938,Della Johnson,39,Female,12110324,"Hong Kong, Macao and Taiwan regions of China",18988585952,Salesman
939,Jiang Jiaji,39,Male,12111524,"Hong Kong, Macao and Taiwan regions of China",18632801398,Salesman
940,Yang Feining,47,Female,11311326,"Hong Kong, Macao and Taiwan regions of China",13829954971,Salesman
941,Qi Yilang,38,Male,12210022,"Hong Kong, Macao and Taiwan regions of China",15042022862,Salesman
942,Zou Biyan,48,Female,11210406,"Hong Kong, Macao and Taiwan regions of China",15066512800,Salesman
943,Felix Thomas,39,Male,12112400,"Hong Kong, Macao and Taiwan regions of China",18928363418,Salesman
944,Zhou Yihao,46,Male,11411506,"Hong Kong, Macao and Taiwan regions of China",18699556584,Salesman
945,Xie Tingwei,40,Female,12012613,"Hong Kong, Macao and Taiwan regions of China",15638248700,Salesman
946,Wei Bingzhi,38,Male,12210821,"Hong Kong, Macao and Taiwan regions of China",13808031042,Salesman
947,Shen Yuming,39,Male,12111401,"Hong Kong, Macao and Taiwan regions of China",15087423983,Salesman
948,Charlene Wright,44,Female,11612301,"Hong Kong, Macao and Taiwan regions of China",15097750967,Salesman
949,Qian Linghan,39,Female,12112206,"Hong Kong, Macao and Taiwan regions of China",13829631725,Salesman
950,Winifred Roberts,48,Female,11211210,"Hong Kong, Macao and Taiwan regions of China",13950258526,Salesman
951,Zou Huasheng,46,Male,11411213,"Hong Kong, Macao and Taiwan regions of China",13890220609,Salesman
952,He Hanwu,44,Male,11612410,"Hong Kong, Macao and Taiwan regions of China",15601927407,Salesman
953,Chu Guqiu,38,Female,12211905,"Hong Kong, Macao and Taiwan regions of China",15629576611,Salesman
954,Lynn Brown,45,Female,11512928,"Hong Kong, Macao and Taiwan regions of China",13881429811,Salesman
955,Ivy Walker,48,Female,11211501,"Hong Kong, Macao and Taiwan regions of China",13833189147,Salesman
956,Wu Ruyu,48,Male,11211012,"Hong Kong, Macao and Taiwan regions of China",15033727825,Salesman
957,Tao Jiaji,48,Male,11212815,"Hong Kong, Macao and Taiwan regions of China",15691425098,Salesman
958,Sun Siyu,40,Male,12011500,"Hong Kong, Macao and Taiwan regions of China",18941979727,Salesman
959,Bud Edwards,44,Male,11611617,"Hong Kong, Macao and Taiwan regions of China",18667249231,Salesman
960,Otto Clarke,45,Male,11511317,"Hong Kong, Macao and Taiwan regions of China",13812729202,Salesman
961,Sun Tianlan,41,Female,11910725,"Hong Kong, Macao and Taiwan regions of China",18981600745,Salesman
962,Qing Benqing,45,Male,11511421,"Hong Kong, Macao and Taiwan regions of China",13935686416,Salesman
963,Xie Pingning,43,Female,11712725,"Hong Kong, Macao and Taiwan regions of China",15014021450,Salesman
964,Flora Taylor,39,Female,12110925,"Hong Kong, Macao and Taiwan regions of China",15017307252,Salesman
965,Montgomery Hughes,44,Male,11612520,"Hong Kong, Macao and Taiwan regions of China",13960406694,Salesman
966,Chen Ziquan,49,Male,11112317,"Hong Kong, Macao and Taiwan regions of China",18900813304,Salesman
967,Zhang Binzhu,43,Male,11711509,"Hong Kong, Macao and Taiwan regions of China",13993214232,Salesman
968,Kirk Roberts,48,Male,11211610,"Hong Kong, Macao and Taiwan regions of China",18666463748,Salesman
969,Wang Fanzhen,39,Female,12112609,"Hong Kong, Macao and Taiwan regions of China",15057996011,Salesman
970,Poll Robinson,40,Female,12011723,"Hong Kong, Macao and Taiwan regions of China",15684292691,Salesman
971,Shui Huaiyun,40,Female,12012601,"Hong Kong, Macao and Taiwan regions of China",13916281841,Salesman
972,Tracy Johnson,44,Female,11611819,"Hong Kong, Macao and Taiwan regions of China",18930364600,Salesman
973,Cao Ruyu,46,Male,11411127,"Hong Kong, Macao and Taiwan regions of China",18945455832,Salesman
974,Mike Evans,39,Male,12111028,"Hong Kong, Macao and Taiwan regions of China",15036042990,Salesman
975,Xu Qintao,46,Male,11412110,"Hong Kong, Macao and Taiwan regions of China",13907947978,Salesman
976,Jing Kaiyu,44,Male,11611500,"Hong Kong, Macao and Taiwan regions of China",18649382405,Salesman
977,Gerald Thompson,45,Male,11511513,"Hong Kong, Macao and Taiwan regions of China",15091767921,Salesman
978,Xu Yingzhi,41,Female,11911115,"Hong Kong, Macao and Taiwan regions of China",18664619638,Salesman
979,Jode Evans,47,Female,11311100,"Hong Kong, Macao and Taiwan regions of China",15015836603,Salesman
980,Shi Zhuodong,41,Male,11910007,"Hong Kong, Macao and Taiwan regions of China",15648162947,Salesman
981,Chen Dongyan,40,Female,12012820,"Hong Kong, Macao and Taiwan regions of China",13805440014,Contracts Manager
982,Kong Yishan,40,Male,12011017,"Hong Kong, Macao and Taiwan regions of China",13846951812,Contracts Manager
983,Tao Yihan,48,Female,11211202,"Hong Kong, Macao and Taiwan regions of China",13882601885,Contracts Manager
984,Jiang Tingping,40,Female,12012726,"Hong Kong, Macao and Taiwan regions of China",15640956081,Contracts Manager
985,Basil White,38,Male,12212123,"Hong Kong, Macao and Taiwan regions of China",18908173824,Contracts Manager
986,Zhou Yuyang,45,Female,11512503,"Hong Kong, Macao and Taiwan regions of China",13819826633,Contracts Manager
987,Yang Jingjie,49,Male,11110816,"Hong Kong, Macao and Taiwan regions of China",18695883703,Contracts Manager
988,Jiang Zibin,43,Male,11710012,"Hong Kong, Macao and Taiwan regions of China",15612372969,Contracts Manager
989,Bai Hanzhe,41,Male,11912012,"Hong Kong, Macao and Taiwan regions of China",18938086436,Contracts Manager
990,Mimi Jackson,41,Female,11910621,"Hong Kong, Macao and Taiwan regions of China",13938227972,Contracts Manager
991,Wang Jiayu,47,Male,11311904,"Hong Kong, Macao and Taiwan regions of China",15005896783,Contracts Manager
992,Camilla Thompson,44,Female,11611210,"Hong Kong, Macao and Taiwan regions of China",13933012299,Contracts Manager
993,Octavius Davies,47,Male,11310313,"Hong Kong, Macao and Taiwan regions of China",15037128173,Contracts Manager
994,Bonny Robinson,48,Female,11211429,"Hong Kong, Macao and Taiwan regions of China",13888867967,Contracts Manager
995,Gareth Thomas,47,Male,11312426,"Hong Kong, Macao and Taiwan regions of China",15064627892,Contracts Manager
996,Wilfred Smith,43,Male,11710004,"Hong Kong, Macao and Taiwan regions of China",18614883720,Contracts Manager
997,Alden Williams,47,Male,11311405,"Hong Kong, Macao and Taiwan regions of China",15624803627,Contracts Manager
998,Jing Yingtian,38,Female,12212927,"Hong Kong, Macao and Taiwan regions of China",15669666192,Contracts Manager
999,Greg Wright,39,Male,12111702,"Hong Kong, Macao and Taiwan regions of China",18980924072,Contracts Manager
1000,Kong Xiaohuai,42,Female,11811919,"Hong Kong, Macao and Taiwan regions of China",18633961030,Contracts Manager
